{
  "samples": 95922,
  "labels": {
    "normal": 41322,
    "confined": 12942,
    "subdiffusion": 41319,
    "superdiffusion": 339
  },
  "feature_names": [
    "mean_step_xy",
    "std_step_xy",
    "median_step_xy",
    "mad_step_xy",
    "max_step_xy",
    "min_step_xy",
    "mean_step_z",
    "std_step_z",
    "msd_lag1",
    "msd_lag2",
    "msd_lag4",
    "msd_lag8",
    "msd_loglog_slope",
    "straightness",
    "confinement_radius",
    "radius_of_gyration",
    "gyration_asymmetry",
    "turning_angle_mean",
    "turning_angle_std",
    "step_p90",
    "step_p10",
    "bounding_box_area",
    "axial_range",
    "directional_persistence",
    "velocity_autocorr",
    "step_skewness",
    "step_kurtosis"
  ],
  "feature_importances": [
    0.07518067530271852,
    0.035858692581190545,
    0.061102421018484475,
    0.0265124354477864,
    0.034450245828628705,
    0.03091292933841666,
    0.061944869433323245,
    0.044805187017593846,
    0.08650562735776537,
    0.05431094799176938,
    0.03370506539475456,
    0.02760529269759029,
    0.02597519423242271,
    0.02914364464897149,
    0.020491623958801608,
    0.02320988550399194,
    0.02405962694718252,
    0.022905003556934724,
    0.025933433982511658,
    0.04599946974514363,
    0.02701219656624466,
    0.023234559073373344,
    0.03327892090219392,
    0.02279728091974636,
    0.0390540415111731,
    0.03700112821507776,
    0.027009600826208586
  ],
  "training_accuracy": 0.9879902420716833,
  "oob_score": 0.594284939846959,
  "validation_accuracy": 0.594284939846959,
  "confusion_matrix": [
    [
      12931,
      11,
      0,
      0
    ],
    [
      391,
      40529,
      402,
      0
    ],
    [
      293,
      55,
      40971,
      0
    ],
    [
      0,
      0,
      0,
      339
    ]
  ],
  "confusion_matrix_labels": [
    "confined",
    "normal",
    "subdiffusion",
    "superdiffusion"
  ],
  "classification_report": {
    "confined": {
      "precision": 0.9497612926918839,
      "recall": 0.9991500540874672,
      "f1-score": 0.9738298753624279,
      "support": 12942.0
    },
    "normal": {
      "precision": 0.9983741840128094,
      "recall": 0.9808092541503315,
      "f1-score": 0.989513776139263,
      "support": 41322.0
    },
    "subdiffusion": {
      "precision": 0.990283518236531,
      "recall": 0.9915777245335076,
      "f1-score": 0.9909301988100421,
      "support": 41319.0
    },
    "superdiffusion": {
      "precision": 1.0,
      "recall": 1.0,
      "f1-score": 1.0,
      "support": 339.0
    },
    "accuracy": 0.9879902420716833,
    "macro avg": {
      "precision": 0.984604748735306,
      "recall": 0.9928842581928266,
      "f1-score": 0.9885684625779332,
      "support": 95922.0
    },
    "weighted avg": {
      "precision": 0.9883358705178259,
      "recall": 0.9879902420716833,
      "f1-score": 0.9880448634223566,
      "support": 95922.0
    }
  },
  "validation_confusion_matrix": [
    [
      7279,
      2378,
      3285,
      0
    ],
    [
      3080,
      25882,
      12360,
      0
    ],
    [
      3049,
      14426,
      23844,
      0
    ],
    [
      38,
      251,
      50,
      0
    ]
  ],
  "validation_classification_report": {
    "confined": {
      "precision": 0.5413505875353265,
      "recall": 0.5624323906660486,
      "f1-score": 0.551690162194937,
      "support": 12942.0
    },
    "normal": {
      "precision": 0.6027901343829332,
      "recall": 0.626349160253618,
      "f1-score": 0.6143438683108036,
      "support": 41322.0
    },
    "subdiffusion": {
      "precision": 0.6030501530134803,
      "recall": 0.5770710811007043,
      "f1-score": 0.5897746666996463,
      "support": 41319.0
    },
    "superdiffusion": {
      "precision": 0.0,
      "recall": 0.0,
      "f1-score": 0.0,
      "support": 339.0
    },
    "accuracy": 0.594284939846959,
    "macro avg": {
      "precision": 0.43679771873293494,
      "recall": 0.44146315800509267,
      "f1-score": 0.4389521743013467,
      "support": 95922.0
    },
    "weighted avg": {
      "precision": 0.5924822513001997,
      "recall": 0.594284939846959,
      "f1-score": 0.5931359944416149,
      "support": 95922.0
    }
  },
  "windows_seen_per_class": {
    "normal": 41322,
    "confined": 12942,
    "subdiffusion": 41319,
    "superdiffusion": 339
  },
  "windows_kept_per_class": {
    "normal": 41322,
    "confined": 12942,
    "subdiffusion": 41319,
    "superdiffusion": 339
  },
  "window_counts_by_poly": {
    "0.0": 6424,
    "1.0": 5913,
    "2.0": 4818,
    "3.0": 5402,
    "5.0": 6132,
    "10.0": 5840,
    "20.0": 5694,
    "30.0": 7008,
    "45.0": 5621,
    "60.0": 5329,
    "75.0": 5767,
    "90.0": 5621,
    "105.0": 4745,
    "120.0": 5621,
    "135.0": 5402,
    "155.0": 5037,
    "180.0": 5548
  },
  "frame_label_counts": {
    "normal": 683856,
    "confined": 218275,
    "subdiffusion": 668369,
    "superdiffusion": 6300
  },
  "model_path": "C:\\Users\\AKWoell\\Downloads\\Synthetic_Tiffs-claude-review-codebase-branches-011CUkqgG2S68JEd3qYpGac5\\Batch_RF\\random_forest_diffusion.joblib",
  "feature_path": "C:\\Users\\AKWoell\\Downloads\\Synthetic_Tiffs-claude-review-codebase-branches-011CUkqgG2S68JEd3qYpGac5\\Batch_RF\\rf_training_features.csv",
  "config": {
    "window_size": 48,
    "step_size": 16,
    "n_estimators": 2048,
    "max_depth": null,
    "min_samples_leaf": 3,
    "min_samples_split": 6,
    "max_features": "sqrt",
    "bootstrap": true,
    "oob_score": true,
    "random_state": 42,
    "class_weight": "balanced_subsample",
    "max_samples": 0.85,
    "max_windows_per_class": 0,
    "max_windows_per_track": 0
  }
}